Image Name,Resolution,Algorithm,Target Colors,Original Colors,Final Colors,Time Taken (ms),MAE,MSE
parrots,"(768, 512)",Octree-Baseline,8,72079,8.0,2.9565029999503167,60.37707773844401,1943.324104309082
parrots,"(768, 512)",Octree-Baseline,8,72079,,2.4512669997420744,60.37707773844401,1943.324104309082
parrots,"(768, 512)",Octree-Baseline,8,72079,,2.5596600007702364,60.37707773844401,1943.324104309082
parrots,"(768, 512)",Octree-Baseline,8,72079,,3.396135000002687,60.37707773844401,1943.324104309082
parrots,"(768, 512)",Octree-Baseline,8,72079,,3.032444999917061,60.37707773844401,1943.324104309082
parrots,"(768, 512)",Octree-Baseline,8,72079,,2.518723000321188,60.37707773844401,1943.324104309082
parrots,"(768, 512)",Octree-Baseline,8,72079,,3.6580349997166195,60.37707773844401,1943.324104309082
parrots,"(768, 512)",Octree-Baseline,8,72079,,2.844893000656157,60.37707773844401,1943.324104309082
parrots,"(768, 512)",Octree-Baseline,8,72079,,2.3730500006422517,60.37707773844401,1943.324104309082
parrots,"(768, 512)",Octree-Baseline,8,72079,,3.363193000041065,60.37707773844401,1943.324104309082
parrots,"(768, 512)",Octree-Baseline,16,72079,16.0,3.337264000037976,45.21281941731771,1345.4114685058594
parrots,"(768, 512)",Octree-Baseline,16,72079,,2.8876229998786584,45.21281941731771,1345.4114685058594
parrots,"(768, 512)",Octree-Baseline,16,72079,,3.884960000505089,45.21281941731771,1345.4114685058594
parrots,"(768, 512)",Octree-Baseline,16,72079,,3.399651999643538,45.21281941731771,1345.4114685058594
parrots,"(768, 512)",Octree-Baseline,16,72079,,3.0731709994142875,45.21281941731771,1345.4114685058594
parrots,"(768, 512)",Octree-Baseline,16,72079,,3.902362000189896,45.21281941731771,1345.4114685058594
parrots,"(768, 512)",Octree-Baseline,16,72079,,3.4068850000039674,45.21281941731771,1345.4114685058594
parrots,"(768, 512)",Octree-Baseline,16,72079,,3.1922439993650187,45.21281941731771,1345.4114685058594
parrots,"(768, 512)",Octree-Baseline,16,72079,,4.017587999442185,45.21281941731771,1345.4114685058594
parrots,"(768, 512)",Octree-Baseline,16,72079,,3.2545900003242423,45.21281941731771,1345.4114685058594
parrots,"(768, 512)",Octree-Baseline,32,72079,29.0,3.0163549999997485,33.539754231770836,673.0639444986979
parrots,"(768, 512)",Octree-Baseline,32,72079,,3.1014539999887347,33.539754231770836,673.0639444986979
parrots,"(768, 512)",Octree-Baseline,32,72079,,3.5160990000804304,33.539754231770836,673.0639444986979
parrots,"(768, 512)",Octree-Baseline,32,72079,,3.0397079999602283,33.539754231770836,673.0639444986979
parrots,"(768, 512)",Octree-Baseline,32,72079,,4.110703000151261,33.539754231770836,673.0639444986979
parrots,"(768, 512)",Octree-Baseline,32,72079,,3.5477589999572956,33.539754231770836,673.0639444986979
parrots,"(768, 512)",Octree-Baseline,32,72079,,3.0781599998590536,33.539754231770836,673.0639444986979
parrots,"(768, 512)",Octree-Baseline,32,72079,,4.356973000540165,33.539754231770836,673.0639444986979
parrots,"(768, 512)",Octree-Baseline,32,72079,,3.4592629999679048,33.539754231770836,673.0639444986979
parrots,"(768, 512)",Octree-Baseline,32,72079,,3.0107339998721727,33.539754231770836,673.0639444986979
parrots,"(768, 512)",Octree-Baseline,64,72079,64.0,5.243571999926644,23.82171885172526,341.3857701619466
parrots,"(768, 512)",Octree-Baseline,64,72079,,3.7299389996405807,23.82171885172526,341.3857701619466
parrots,"(768, 512)",Octree-Baseline,64,72079,,4.0219060001618345,23.82171885172526,341.3857701619466
parrots,"(768, 512)",Octree-Baseline,64,72079,,4.840237000280467,23.82171885172526,341.3857701619466
parrots,"(768, 512)",Octree-Baseline,64,72079,,4.599026000505546,23.82171885172526,341.3857701619466
parrots,"(768, 512)",Octree-Baseline,64,72079,,3.921698000340257,23.82171885172526,341.3857701619466
parrots,"(768, 512)",Octree-Baseline,64,72079,,5.1686320002772845,23.82171885172526,341.3857701619466
parrots,"(768, 512)",Octree-Baseline,64,72079,,4.172727999502968,23.82171885172526,341.3857701619466
parrots,"(768, 512)",Octree-Baseline,64,72079,,3.7489460000870167,23.82171885172526,341.3857701619466
parrots,"(768, 512)",Octree-Baseline,64,72079,,5.156788999556738,23.82171885172526,341.3857701619466
parrots,"(768, 512)",Octree-Baseline,128,72079,127.0,4.4149310006105225,19.508544921875,213.33065287272134
parrots,"(768, 512)",Octree-Baseline,128,72079,,4.000455999630503,19.508544921875,213.33065287272134
parrots,"(768, 512)",Octree-Baseline,128,72079,,5.054637999819533,19.508544921875,213.33065287272134
parrots,"(768, 512)",Octree-Baseline,128,72079,,4.462801000045147,19.508544921875,213.33065287272134
parrots,"(768, 512)",Octree-Baseline,128,72079,,4.475414999433269,19.508544921875,213.33065287272134
parrots,"(768, 512)",Octree-Baseline,128,72079,,4.972274000465404,19.508544921875,213.33065287272134
parrots,"(768, 512)",Octree-Baseline,128,72079,,4.842962999646261,19.508544921875,213.33065287272134
parrots,"(768, 512)",Octree-Baseline,128,72079,,4.021424999336887,19.508544921875,213.33065287272134
parrots,"(768, 512)",Octree-Baseline,128,72079,,5.018130999815185,19.508544921875,213.33065287272134
parrots,"(768, 512)",Octree-Baseline,128,72079,,4.398500999741373,19.508544921875,213.33065287272134
parrots,"(768, 512)",Octree-Baseline,256,72079,256.0,4.846339000323496,15.437662760416666,130.26235961914062
parrots,"(768, 512)",Octree-Baseline,256,72079,,4.774615000314952,15.437662760416666,130.26235961914062
parrots,"(768, 512)",Octree-Baseline,256,72079,,5.063354999947478,15.437662760416666,130.26235961914062
parrots,"(768, 512)",Octree-Baseline,256,72079,,4.713440000159608,15.437662760416666,130.26235961914062
parrots,"(768, 512)",Octree-Baseline,256,72079,,5.893307999940589,15.437662760416666,130.26235961914062
parrots,"(768, 512)",Octree-Baseline,256,72079,,5.159684999853198,15.437662760416666,130.26235961914062
parrots,"(768, 512)",Octree-Baseline,256,72079,,4.918423000162875,15.437662760416666,130.26235961914062
parrots,"(768, 512)",Octree-Baseline,256,72079,,5.746283000007679,15.437662760416666,130.26235961914062
parrots,"(768, 512)",Octree-Baseline,256,72079,,5.774936000307207,15.437662760416666,130.26235961914062
parrots,"(768, 512)",Octree-Baseline,256,72079,,4.662434999772813,15.437662760416666,130.26235961914062
girl,"(768, 512)",Octree-Baseline,8,44576,8.0,2.320381999197707,59.07066853841146,1902.2863006591797
girl,"(768, 512)",Octree-Baseline,8,44576,,2.3909040000944515,59.07066853841146,1902.2863006591797
girl,"(768, 512)",Octree-Baseline,8,44576,,2.390312999523303,59.07066853841146,1902.2863006591797
girl,"(768, 512)",Octree-Baseline,8,44576,,3.2905670004765852,59.07066853841146,1902.2863006591797
girl,"(768, 512)",Octree-Baseline,8,44576,,2.972813000269525,59.07066853841146,1902.2863006591797
girl,"(768, 512)",Octree-Baseline,8,44576,,2.3602560004292172,59.07066853841146,1902.2863006591797
girl,"(768, 512)",Octree-Baseline,8,44576,,3.4600349999891478,59.07066853841146,1902.2863006591797
girl,"(768, 512)",Octree-Baseline,8,44576,,2.8583680004885537,59.07066853841146,1902.2863006591797
girl,"(768, 512)",Octree-Baseline,8,44576,,2.8230429998075124,59.07066853841146,1902.2863006591797
girl,"(768, 512)",Octree-Baseline,8,44576,,3.440998999394651,59.07066853841146,1902.2863006591797
girl,"(768, 512)",Octree-Baseline,16,44576,16.0,3.562276000593556,40.63499450683594,956.7705688476562
girl,"(768, 512)",Octree-Baseline,16,44576,,4.878118999840808,40.63499450683594,956.7705688476562
girl,"(768, 512)",Octree-Baseline,16,44576,,5.594487999587727,40.63499450683594,956.7705688476562
girl,"(768, 512)",Octree-Baseline,16,44576,,3.2867400004761294,40.63499450683594,956.7705688476562
girl,"(768, 512)",Octree-Baseline,16,44576,,4.081026000676502,40.63499450683594,956.7705688476562
girl,"(768, 512)",Octree-Baseline,16,44576,,3.6181699997541727,40.63499450683594,956.7705688476562
girl,"(768, 512)",Octree-Baseline,16,44576,,4.461688999981561,40.63499450683594,956.7705688476562
girl,"(768, 512)",Octree-Baseline,16,44576,,4.049758999826736,40.63499450683594,956.7705688476562
girl,"(768, 512)",Octree-Baseline,16,44576,,3.5490410000420525,40.63499450683594,956.7705688476562
girl,"(768, 512)",Octree-Baseline,16,44576,,2.871964000405569,40.63499450683594,956.7705688476562
girl,"(768, 512)",Octree-Baseline,32,44576,32.0,4.1894599999068305,33.25187683105469,626.2150522867838
girl,"(768, 512)",Octree-Baseline,32,44576,,3.008349000083399,33.25187683105469,626.2150522867838
girl,"(768, 512)",Octree-Baseline,32,44576,,3.143802999147738,33.25187683105469,626.2150522867838
girl,"(768, 512)",Octree-Baseline,32,44576,,4.091927000445139,33.25187683105469,626.2150522867838
girl,"(768, 512)",Octree-Baseline,32,44576,,3.761568999834708,33.25187683105469,626.2150522867838
girl,"(768, 512)",Octree-Baseline,32,44576,,3.0535639998561237,33.25187683105469,626.2150522867838
girl,"(768, 512)",Octree-Baseline,32,44576,,4.185762000815885,33.25187683105469,626.2150522867838
girl,"(768, 512)",Octree-Baseline,32,44576,,3.943379000702407,33.25187683105469,626.2150522867838
girl,"(768, 512)",Octree-Baseline,32,44576,,3.1919630000629695,33.25187683105469,626.2150522867838
girl,"(768, 512)",Octree-Baseline,32,44576,,4.35647200083622,33.25187683105469,626.2150522867838
girl,"(768, 512)",Octree-Baseline,64,44576,60.0,4.023778999908245,25.82911427815755,377.1982650756836
girl,"(768, 512)",Octree-Baseline,64,44576,,3.568156999790517,25.82911427815755,377.1982650756836
girl,"(768, 512)",Octree-Baseline,64,44576,,4.3090540002594935,25.82911427815755,377.1982650756836
girl,"(768, 512)",Octree-Baseline,64,44576,,4.570342000079108,25.82911427815755,377.1982650756836
girl,"(768, 512)",Octree-Baseline,64,44576,,4.626287000064622,25.82911427815755,377.1982650756836
girl,"(768, 512)",Octree-Baseline,64,44576,,4.242028000589926,25.82911427815755,377.1982650756836
girl,"(768, 512)",Octree-Baseline,64,44576,,3.556996000043,25.82911427815755,377.1982650756836
girl,"(768, 512)",Octree-Baseline,64,44576,,4.7246300000551855,25.82911427815755,377.1982650756836
girl,"(768, 512)",Octree-Baseline,64,44576,,4.024780999316135,25.82911427815755,377.1982650756836
girl,"(768, 512)",Octree-Baseline,64,44576,,3.495730999929947,25.82911427815755,377.1982650756836
girl,"(768, 512)",Octree-Baseline,128,44576,127.0,5.116604999784613,16.899770100911457,165.79474894205728
girl,"(768, 512)",Octree-Baseline,128,44576,,4.084492999936629,16.899770100911457,165.79474894205728
girl,"(768, 512)",Octree-Baseline,128,44576,,4.322167999816884,16.899770100911457,165.79474894205728
girl,"(768, 512)",Octree-Baseline,128,44576,,4.914125999675889,16.899770100911457,165.79474894205728
girl,"(768, 512)",Octree-Baseline,128,44576,,4.320554999139858,16.899770100911457,165.79474894205728
girl,"(768, 512)",Octree-Baseline,128,44576,,3.8688100003128056,16.899770100911457,165.79474894205728
girl,"(768, 512)",Octree-Baseline,128,44576,,4.79563400040206,16.899770100911457,165.79474894205728
girl,"(768, 512)",Octree-Baseline,128,44576,,4.385506000289752,16.899770100911457,165.79474894205728
girl,"(768, 512)",Octree-Baseline,128,44576,,3.8627990006716573,16.899770100911457,165.79474894205728
girl,"(768, 512)",Octree-Baseline,128,44576,,4.814439000256243,16.899770100911457,165.79474894205728
girl,"(768, 512)",Octree-Baseline,256,44576,256.0,5.057193000538973,13.957722981770834,111.4548848470052
girl,"(768, 512)",Octree-Baseline,256,44576,,4.616930000338471,13.957722981770834,111.4548848470052
girl,"(768, 512)",Octree-Baseline,256,44576,,5.178680999961216,13.957722981770834,111.4548848470052
girl,"(768, 512)",Octree-Baseline,256,44576,,4.597873999955482,13.957722981770834,111.4548848470052
girl,"(768, 512)",Octree-Baseline,256,44576,,5.5571180000697495,13.957722981770834,111.4548848470052
girl,"(768, 512)",Octree-Baseline,256,44576,,4.998293000426202,13.957722981770834,111.4548848470052
girl,"(768, 512)",Octree-Baseline,256,44576,,4.571454999677371,13.957722981770834,111.4548848470052
girl,"(768, 512)",Octree-Baseline,256,44576,,5.612482000287855,13.957722981770834,111.4548848470052
girl,"(768, 512)",Octree-Baseline,256,44576,,4.9864410002555815,13.957722981770834,111.4548848470052
girl,"(768, 512)",Octree-Baseline,256,44576,,5.076579000160564,13.957722981770834,111.4548848470052
city,"(1920, 1080)",Octree-Baseline,8,219560,8.0,15.882990999671165,67.13861448688272,2483.437220775463
city,"(1920, 1080)",Octree-Baseline,8,219560,,13.450428999931319,67.13861448688272,2483.437220775463
city,"(1920, 1080)",Octree-Baseline,8,219560,,12.474262999603525,67.13861448688272,2483.437220775463
city,"(1920, 1080)",Octree-Baseline,8,219560,,13.008531999730621,67.13861448688272,2483.437220775463
city,"(1920, 1080)",Octree-Baseline,8,219560,,12.839074999646982,67.13861448688272,2483.437220775463
city,"(1920, 1080)",Octree-Baseline,8,219560,,12.532482000096934,67.13861448688272,2483.437220775463
city,"(1920, 1080)",Octree-Baseline,8,219560,,21.28927699959604,67.13861448688272,2483.437220775463
city,"(1920, 1080)",Octree-Baseline,8,219560,,13.352937000490783,67.13861448688272,2483.437220775463
city,"(1920, 1080)",Octree-Baseline,8,219560,,13.45004799986782,67.13861448688272,2483.437220775463
city,"(1920, 1080)",Octree-Baseline,8,219560,,12.60777299921756,67.13861448688272,2483.437220775463
city,"(1920, 1080)",Octree-Baseline,16,219560,15.0,13.764295999862952,62.274755497685184,2202.8659341242283
city,"(1920, 1080)",Octree-Baseline,16,219560,,14.248732999476488,62.274755497685184,2202.8659341242283
city,"(1920, 1080)",Octree-Baseline,16,219560,,14.920710999831499,62.274755497685184,2202.8659341242283
city,"(1920, 1080)",Octree-Baseline,16,219560,,13.773634000244783,62.274755497685184,2202.8659341242283
city,"(1920, 1080)",Octree-Baseline,16,219560,,16.930552000303578,62.274755497685184,2202.8659341242283
city,"(1920, 1080)",Octree-Baseline,16,219560,,14.680159999443276,62.274755497685184,2202.8659341242283
city,"(1920, 1080)",Octree-Baseline,16,219560,,14.45045000036771,62.274755497685184,2202.8659341242283
city,"(1920, 1080)",Octree-Baseline,16,219560,,14.790727000217885,62.274755497685184,2202.8659341242283
city,"(1920, 1080)",Octree-Baseline,16,219560,,13.999757000419777,62.274755497685184,2202.8659341242283
city,"(1920, 1080)",Octree-Baseline,16,219560,,14.346575999297784,62.274755497685184,2202.8659341242283
city,"(1920, 1080)",Octree-Baseline,32,219560,32.0,16.364893000172742,30.849249131944443,532.1890668402777
city,"(1920, 1080)",Octree-Baseline,32,219560,,15.46118199985358,30.849249131944443,532.1890668402777
city,"(1920, 1080)",Octree-Baseline,32,219560,,17.75847099997918,30.849249131944443,532.1890668402777
city,"(1920, 1080)",Octree-Baseline,32,219560,,15.79419500012591,30.849249131944443,532.1890668402777
city,"(1920, 1080)",Octree-Baseline,32,219560,,15.444149999893853,30.849249131944443,532.1890668402777
city,"(1920, 1080)",Octree-Baseline,32,219560,,15.341217000241159,30.849249131944443,532.1890668402777
city,"(1920, 1080)",Octree-Baseline,32,219560,,15.278890000445244,30.849249131944443,532.1890668402777
city,"(1920, 1080)",Octree-Baseline,32,219560,,15.251309000632318,30.849249131944443,532.1890668402777
city,"(1920, 1080)",Octree-Baseline,32,219560,,15.60078300008172,30.849249131944443,532.1890668402777
city,"(1920, 1080)",Octree-Baseline,32,219560,,15.654183000151534,30.849249131944443,532.1890668402777
city,"(1920, 1080)",Octree-Baseline,64,219560,62.0,17.773107999346394,29.844243827160494,507.9772858796296
city,"(1920, 1080)",Octree-Baseline,64,219560,,16.49468599953252,29.844243827160494,507.9772858796296
city,"(1920, 1080)",Octree-Baseline,64,219560,,16.841605000081472,29.844243827160494,507.9772858796296
city,"(1920, 1080)",Octree-Baseline,64,219560,,16.51877099993726,29.844243827160494,507.9772858796296
city,"(1920, 1080)",Octree-Baseline,64,219560,,16.665485999510565,29.844243827160494,507.9772858796296
city,"(1920, 1080)",Octree-Baseline,64,219560,,16.12222899984772,29.844243827160494,507.9772858796296
city,"(1920, 1080)",Octree-Baseline,64,219560,,16.488133000166272,29.844243827160494,507.9772858796296
city,"(1920, 1080)",Octree-Baseline,64,219560,,16.159728999809886,29.844243827160494,507.9772858796296
city,"(1920, 1080)",Octree-Baseline,64,219560,,17.434864999813726,29.844243827160494,507.9772858796296
city,"(1920, 1080)",Octree-Baseline,64,219560,,17.057549000128347,29.844243827160494,507.9772858796296
city,"(1920, 1080)",Octree-Baseline,128,219560,127.0,20.865644999503274,18.531767457561727,210.7269777199074
city,"(1920, 1080)",Octree-Baseline,128,219560,,21.58932900056243,18.531767457561727,210.7269777199074
city,"(1920, 1080)",Octree-Baseline,128,219560,,24.67205799985095,18.531767457561727,210.7269777199074
city,"(1920, 1080)",Octree-Baseline,128,219560,,20.69769100035046,18.531767457561727,210.7269777199074
city,"(1920, 1080)",Octree-Baseline,128,219560,,19.99059700028738,18.531767457561727,210.7269777199074
city,"(1920, 1080)",Octree-Baseline,128,219560,,21.382893000009062,18.531767457561727,210.7269777199074
city,"(1920, 1080)",Octree-Baseline,128,219560,,21.161128000130702,18.531767457561727,210.7269777199074
city,"(1920, 1080)",Octree-Baseline,128,219560,,22.994569000729825,18.531767457561727,210.7269777199074
city,"(1920, 1080)",Octree-Baseline,128,219560,,22.610631000134163,18.531767457561727,210.7269777199074
city,"(1920, 1080)",Octree-Baseline,128,219560,,20.114709000154107,18.531767457561727,210.7269777199074
city,"(1920, 1080)",Octree-Baseline,256,219560,256.0,20.782158000656636,16.299477237654322,146.5478722993827
city,"(1920, 1080)",Octree-Baseline,256,219560,,22.1203629998854,16.299477237654322,146.5478722993827
city,"(1920, 1080)",Octree-Baseline,256,219560,,20.420412000021315,16.299477237654322,146.5478722993827
city,"(1920, 1080)",Octree-Baseline,256,219560,,21.826061999490776,16.299477237654322,146.5478722993827
city,"(1920, 1080)",Octree-Baseline,256,219560,,20.380767000460764,16.299477237654322,146.5478722993827
city,"(1920, 1080)",Octree-Baseline,256,219560,,21.206291999988025,16.299477237654322,146.5478722993827
city,"(1920, 1080)",Octree-Baseline,256,219560,,21.14312399953633,16.299477237654322,146.5478722993827
city,"(1920, 1080)",Octree-Baseline,256,219560,,21.323480999853928,16.299477237654322,146.5478722993827
city,"(1920, 1080)",Octree-Baseline,256,219560,,20.858311000665708,16.299477237654322,146.5478722993827
city,"(1920, 1080)",Octree-Baseline,256,219560,,21.23621800001274,16.299477237654322,146.5478722993827
woman,"(256, 256)",Octree-Baseline,8,32519,8.0,0.49725099961506203,68.57565307617188,2486.57177734375
woman,"(256, 256)",Octree-Baseline,8,32519,,0.5460020001919474,68.57565307617188,2486.57177734375
woman,"(256, 256)",Octree-Baseline,8,32519,,0.43107600049552275,68.57565307617188,2486.57177734375
woman,"(256, 256)",Octree-Baseline,8,32519,,0.4317479997553164,68.57565307617188,2486.57177734375
woman,"(256, 256)",Octree-Baseline,8,32519,,0.4223000005367794,68.57565307617188,2486.57177734375
woman,"(256, 256)",Octree-Baseline,8,32519,,0.4199459999654209,68.57565307617188,2486.57177734375
woman,"(256, 256)",Octree-Baseline,8,32519,,0.42733000009320676,68.57565307617188,2486.57177734375
woman,"(256, 256)",Octree-Baseline,8,32519,,0.4210780007269932,68.57565307617188,2486.57177734375
woman,"(256, 256)",Octree-Baseline,8,32519,,0.38668399974994827,68.57565307617188,2486.57177734375
woman,"(256, 256)",Octree-Baseline,8,32519,,0.3987760001109564,68.57565307617188,2486.57177734375
woman,"(256, 256)",Octree-Baseline,16,32519,16.0,0.5385980002756696,43.183135986328125,941.0971374511719
woman,"(256, 256)",Octree-Baseline,16,32519,,0.6698739998682868,43.183135986328125,941.0971374511719
woman,"(256, 256)",Octree-Baseline,16,32519,,0.5444190001071547,43.183135986328125,941.0971374511719
woman,"(256, 256)",Octree-Baseline,16,32519,,0.5914769999435521,43.183135986328125,941.0971374511719
woman,"(256, 256)",Octree-Baseline,16,32519,,0.5167870003788266,43.183135986328125,941.0971374511719
woman,"(256, 256)",Octree-Baseline,16,32519,,0.5258640003376058,43.183135986328125,941.0971374511719
woman,"(256, 256)",Octree-Baseline,16,32519,,0.5159949996595969,43.183135986328125,941.0971374511719
woman,"(256, 256)",Octree-Baseline,16,32519,,0.5227479996392503,43.183135986328125,941.0971374511719
woman,"(256, 256)",Octree-Baseline,16,32519,,0.5993710001348518,43.183135986328125,941.0971374511719
woman,"(256, 256)",Octree-Baseline,16,32519,,0.5107159995532129,43.183135986328125,941.0971374511719
woman,"(256, 256)",Octree-Baseline,32,32519,32.0,0.5614000001514796,39.62483215332031,738.4233245849609
woman,"(256, 256)",Octree-Baseline,32,32519,,0.7145770005081431,39.62483215332031,738.4233245849609
woman,"(256, 256)",Octree-Baseline,32,32519,,0.6315419996099081,39.62483215332031,738.4233245849609
woman,"(256, 256)",Octree-Baseline,32,32519,,0.5797140001959633,39.62483215332031,738.4233245849609
woman,"(256, 256)",Octree-Baseline,32,32519,,0.557504000425979,39.62483215332031,738.4233245849609
woman,"(256, 256)",Octree-Baseline,32,32519,,0.5538359991987818,39.62483215332031,738.4233245849609
woman,"(256, 256)",Octree-Baseline,32,32519,,0.5452199993669637,39.62483215332031,738.4233245849609
woman,"(256, 256)",Octree-Baseline,32,32519,,0.5417939992184984,39.62483215332031,738.4233245849609
woman,"(256, 256)",Octree-Baseline,32,32519,,0.5637449994537747,39.62483215332031,738.4233245849609
woman,"(256, 256)",Octree-Baseline,32,32519,,0.5830110003444133,39.62483215332031,738.4233245849609
woman,"(256, 256)",Octree-Baseline,64,32519,63.0,0.7390020000457298,20.65576171875,236.95928955078125
woman,"(256, 256)",Octree-Baseline,64,32519,,0.8660710000185645,20.65576171875,236.95928955078125
woman,"(256, 256)",Octree-Baseline,64,32519,,0.8007880005607149,20.65576171875,236.95928955078125
woman,"(256, 256)",Octree-Baseline,64,32519,,0.6800720002502203,20.65576171875,236.95928955078125
woman,"(256, 256)",Octree-Baseline,64,32519,,0.7887060000939528,20.65576171875,236.95928955078125
woman,"(256, 256)",Octree-Baseline,64,32519,,0.7036959996185033,20.65576171875,236.95928955078125
woman,"(256, 256)",Octree-Baseline,64,32519,,0.748811000448768,20.65576171875,236.95928955078125
woman,"(256, 256)",Octree-Baseline,64,32519,,0.6802830002925475,20.65576171875,236.95928955078125
woman,"(256, 256)",Octree-Baseline,64,32519,,0.7189150001067901,20.65576171875,236.95928955078125
woman,"(256, 256)",Octree-Baseline,64,32519,,0.7347350001509767,20.65576171875,236.95928955078125
woman,"(256, 256)",Octree-Baseline,128,32519,128.0,0.8199639996746555,18.491729736328125,174.28897094726562
woman,"(256, 256)",Octree-Baseline,128,32519,,0.984541999969224,18.491729736328125,174.28897094726562
woman,"(256, 256)",Octree-Baseline,128,32519,,0.9437060007257969,18.491729736328125,174.28897094726562
woman,"(256, 256)",Octree-Baseline,128,32519,,0.8383989998037578,18.491729736328125,174.28897094726562
woman,"(256, 256)",Octree-Baseline,128,32519,,0.8972089999588206,18.491729736328125,174.28897094726562
woman,"(256, 256)",Octree-Baseline,128,32519,,0.8384590000787284,18.491729736328125,174.28897094726562
woman,"(256, 256)",Octree-Baseline,128,32519,,0.8243530000981991,18.491729736328125,174.28897094726562
woman,"(256, 256)",Octree-Baseline,128,32519,,0.8240120005211793,18.491729736328125,174.28897094726562
woman,"(256, 256)",Octree-Baseline,128,32519,,0.8119790009004646,18.491729736328125,174.28897094726562
woman,"(256, 256)",Octree-Baseline,128,32519,,0.815997000245261,18.491729736328125,174.28897094726562
woman,"(256, 256)",Octree-Baseline,256,32519,253.0,1.0987460000251303,11.533432006835938,74.08708190917969
woman,"(256, 256)",Octree-Baseline,256,32519,,1.1986330000581802,11.533432006835938,74.08708190917969
woman,"(256, 256)",Octree-Baseline,256,32519,,1.0513770002944511,11.533432006835938,74.08708190917969
woman,"(256, 256)",Octree-Baseline,256,32519,,1.0096690002683317,11.533432006835938,74.08708190917969
woman,"(256, 256)",Octree-Baseline,256,32519,,0.9957629999917117,11.533432006835938,74.08708190917969
woman,"(256, 256)",Octree-Baseline,256,32519,,0.995682999928249,11.533432006835938,74.08708190917969
woman,"(256, 256)",Octree-Baseline,256,32519,,0.9960939996744855,11.533432006835938,74.08708190917969
woman,"(256, 256)",Octree-Baseline,256,32519,,1.0792499997478444,11.533432006835938,74.08708190917969
woman,"(256, 256)",Octree-Baseline,256,32519,,1.1116000005131355,11.533432006835938,74.08708190917969
woman,"(256, 256)",Octree-Baseline,256,32519,,1.0857520001081866,11.533432006835938,74.08708190917969
sunset,"(1920, 1080)",Octree-Baseline,8,131569,8.0,15.921874000014213,61.413760127314816,2027.878147665895
sunset,"(1920, 1080)",Octree-Baseline,8,131569,,13.106845999573125,61.413760127314816,2027.878147665895
sunset,"(1920, 1080)",Octree-Baseline,8,131569,,13.117286000124295,61.413760127314816,2027.878147665895
sunset,"(1920, 1080)",Octree-Baseline,8,131569,,13.04560200060223,61.413760127314816,2027.878147665895
sunset,"(1920, 1080)",Octree-Baseline,8,131569,,13.654399999722955,61.413760127314816,2027.878147665895
sunset,"(1920, 1080)",Octree-Baseline,8,131569,,12.478961000851996,61.413760127314816,2027.878147665895
sunset,"(1920, 1080)",Octree-Baseline,8,131569,,13.697059999685735,61.413760127314816,2027.878147665895
sunset,"(1920, 1080)",Octree-Baseline,8,131569,,13.805253000100492,61.413760127314816,2027.878147665895
sunset,"(1920, 1080)",Octree-Baseline,8,131569,,12.997511999856215,61.413760127314816,2027.878147665895
sunset,"(1920, 1080)",Octree-Baseline,8,131569,,13.139738000063517,61.413760127314816,2027.878147665895
sunset,"(1920, 1080)",Octree-Baseline,16,131569,16.0,16.249907999736024,46.2035513117284,1339.3057320601852
sunset,"(1920, 1080)",Octree-Baseline,16,131569,,15.800817000126699,46.2035513117284,1339.3057320601852
sunset,"(1920, 1080)",Octree-Baseline,16,131569,,14.744600999620161,46.2035513117284,1339.3057320601852
sunset,"(1920, 1080)",Octree-Baseline,16,131569,,15.15222400030325,46.2035513117284,1339.3057320601852
sunset,"(1920, 1080)",Octree-Baseline,16,131569,,16.02543799981504,46.2035513117284,1339.3057320601852
sunset,"(1920, 1080)",Octree-Baseline,16,131569,,15.529729999798292,46.2035513117284,1339.3057320601852
sunset,"(1920, 1080)",Octree-Baseline,16,131569,,14.831863999461348,46.2035513117284,1339.3057320601852
sunset,"(1920, 1080)",Octree-Baseline,16,131569,,15.409915999953228,46.2035513117284,1339.3057320601852
sunset,"(1920, 1080)",Octree-Baseline,16,131569,,15.051514999868232,46.2035513117284,1339.3057320601852
sunset,"(1920, 1080)",Octree-Baseline,16,131569,,15.320758000598289,46.2035513117284,1339.3057320601852
sunset,"(1920, 1080)",Octree-Baseline,32,131569,32.0,16.398605999711435,31.820339988425925,552.2935807291667
sunset,"(1920, 1080)",Octree-Baseline,32,131569,,16.14092299951153,31.820339988425925,552.2935807291667
sunset,"(1920, 1080)",Octree-Baseline,32,131569,,16.42200900005264,31.820339988425925,552.2935807291667
sunset,"(1920, 1080)",Octree-Baseline,32,131569,,15.842554999835556,31.820339988425925,552.2935807291667
sunset,"(1920, 1080)",Octree-Baseline,32,131569,,16.269855000246025,31.820339988425925,552.2935807291667
sunset,"(1920, 1080)",Octree-Baseline,32,131569,,15.890856000623899,31.820339988425925,552.2935807291667
sunset,"(1920, 1080)",Octree-Baseline,32,131569,,16.39316599994345,31.820339988425925,552.2935807291667
sunset,"(1920, 1080)",Octree-Baseline,32,131569,,17.11468600024091,31.820339988425925,552.2935807291667
sunset,"(1920, 1080)",Octree-Baseline,32,131569,,15.680663000239292,31.820339988425925,552.2935807291667
sunset,"(1920, 1080)",Octree-Baseline,32,131569,,16.590424999776587,31.820339988425925,552.2935807291667
sunset,"(1920, 1080)",Octree-Baseline,64,131569,64.0,20.106864999434038,23.558898533950618,324.0846479552469
sunset,"(1920, 1080)",Octree-Baseline,64,131569,,20.649099000365823,23.558898533950618,324.0846479552469
sunset,"(1920, 1080)",Octree-Baseline,64,131569,,19.875582000167924,23.558898533950618,324.0846479552469
sunset,"(1920, 1080)",Octree-Baseline,64,131569,,19.906288999663957,23.558898533950618,324.0846479552469
sunset,"(1920, 1080)",Octree-Baseline,64,131569,,19.86833800037857,23.558898533950618,324.0846479552469
sunset,"(1920, 1080)",Octree-Baseline,64,131569,,19.99197999975877,23.558898533950618,324.0846479552469
sunset,"(1920, 1080)",Octree-Baseline,64,131569,,20.26423999996041,23.558898533950618,324.0846479552469
sunset,"(1920, 1080)",Octree-Baseline,64,131569,,19.887164000465418,23.558898533950618,324.0846479552469
sunset,"(1920, 1080)",Octree-Baseline,64,131569,,19.514917000378773,23.558898533950618,324.0846479552469
sunset,"(1920, 1080)",Octree-Baseline,64,131569,,19.90822300012951,23.558898533950618,324.0846479552469
sunset,"(1920, 1080)",Octree-Baseline,128,131569,128.0,20.53838200026803,16.766615547839507,148.92971450617284
sunset,"(1920, 1080)",Octree-Baseline,128,131569,,20.238451000295754,16.766615547839507,148.92971450617284
sunset,"(1920, 1080)",Octree-Baseline,128,131569,,20.03376799984835,16.766615547839507,148.92971450617284
sunset,"(1920, 1080)",Octree-Baseline,128,131569,,20.861256999523903,16.766615547839507,148.92971450617284
sunset,"(1920, 1080)",Octree-Baseline,128,131569,,20.812515999750758,16.766615547839507,148.92971450617284
sunset,"(1920, 1080)",Octree-Baseline,128,131569,,20.118356999773823,16.766615547839507,148.92971450617284
sunset,"(1920, 1080)",Octree-Baseline,128,131569,,21.573578999777965,16.766615547839507,148.92971450617284
sunset,"(1920, 1080)",Octree-Baseline,128,131569,,20.383042000503337,16.766615547839507,148.92971450617284
sunset,"(1920, 1080)",Octree-Baseline,128,131569,,21.663067000190495,16.766615547839507,148.92971450617284
sunset,"(1920, 1080)",Octree-Baseline,128,131569,,20.80520199979219,16.766615547839507,148.92971450617284
sunset,"(1920, 1080)",Octree-Baseline,256,131569,253.0,24.920271999690158,12.788231577932098,91.51743682484567
sunset,"(1920, 1080)",Octree-Baseline,256,131569,,25.06212800017238,12.788231577932098,91.51743682484567
sunset,"(1920, 1080)",Octree-Baseline,256,131569,,26.379562999863992,12.788231577932098,91.51743682484567
sunset,"(1920, 1080)",Octree-Baseline,256,131569,,24.180909000278916,12.788231577932098,91.51743682484567
sunset,"(1920, 1080)",Octree-Baseline,256,131569,,24.183794000236958,12.788231577932098,91.51743682484567
sunset,"(1920, 1080)",Octree-Baseline,256,131569,,26.46783799991681,12.788231577932098,91.51743682484567
sunset,"(1920, 1080)",Octree-Baseline,256,131569,,24.44417100014107,12.788231577932098,91.51743682484567
sunset,"(1920, 1080)",Octree-Baseline,256,131569,,24.926644000515807,12.788231577932098,91.51743682484567
sunset,"(1920, 1080)",Octree-Baseline,256,131569,,24.410758999692916,12.788231577932098,91.51743682484567
sunset,"(1920, 1080)",Octree-Baseline,256,131569,,23.93975799986947,12.788231577932098,91.51743682484567
house,"(768, 512)",Octree-Baseline,8,42351,7.0,2.4337639997611404,68.42646789550781,2453.5669148763022
house,"(768, 512)",Octree-Baseline,8,42351,,2.5324690004708827,68.42646789550781,2453.5669148763022
house,"(768, 512)",Octree-Baseline,8,42351,,2.386896000643901,68.42646789550781,2453.5669148763022
house,"(768, 512)",Octree-Baseline,8,42351,,3.5399440002947813,68.42646789550781,2453.5669148763022
house,"(768, 512)",Octree-Baseline,8,42351,,3.0708570002389024,68.42646789550781,2453.5669148763022
house,"(768, 512)",Octree-Baseline,8,42351,,2.4641520003569894,68.42646789550781,2453.5669148763022
house,"(768, 512)",Octree-Baseline,8,42351,,3.36896400040132,68.42646789550781,2453.5669148763022
house,"(768, 512)",Octree-Baseline,8,42351,,2.8759320002791355,68.42646789550781,2453.5669148763022
house,"(768, 512)",Octree-Baseline,8,42351,,2.4332230004802113,68.42646789550781,2453.5669148763022
house,"(768, 512)",Octree-Baseline,8,42351,,3.2916199997998774,68.42646789550781,2453.5669148763022
house,"(768, 512)",Octree-Baseline,16,42351,13.0,3.344427999763866,48.300890604654946,1245.243527730306
house,"(768, 512)",Octree-Baseline,16,42351,,2.7935170001001097,48.300890604654946,1245.243527730306
house,"(768, 512)",Octree-Baseline,16,42351,,3.397086999939347,48.300890604654946,1245.243527730306
house,"(768, 512)",Octree-Baseline,16,42351,,2.817552999658801,48.300890604654946,1245.243527730306
house,"(768, 512)",Octree-Baseline,16,42351,,3.8642710005660774,48.300890604654946,1245.243527730306
house,"(768, 512)",Octree-Baseline,16,42351,,3.2081030003610067,48.300890604654946,1245.243527730306
house,"(768, 512)",Octree-Baseline,16,42351,,2.7682899999490473,48.300890604654946,1245.243527730306
house,"(768, 512)",Octree-Baseline,16,42351,,3.8075239999670885,48.300890604654946,1245.243527730306
house,"(768, 512)",Octree-Baseline,16,42351,,3.445958000156679,48.300890604654946,1245.243527730306
house,"(768, 512)",Octree-Baseline,16,42351,,2.76655700054107,48.300890604654946,1245.243527730306
house,"(768, 512)",Octree-Baseline,32,42351,32.0,4.337385999860999,27.855740865071613,440.8261184692383
house,"(768, 512)",Octree-Baseline,32,42351,,3.4942190004585427,27.855740865071613,440.8261184692383
house,"(768, 512)",Octree-Baseline,32,42351,,3.049717000067176,27.855740865071613,440.8261184692383
house,"(768, 512)",Octree-Baseline,32,42351,,3.837330999886035,27.855740865071613,440.8261184692383
house,"(768, 512)",Octree-Baseline,32,42351,,3.774001999772736,27.855740865071613,440.8261184692383
house,"(768, 512)",Octree-Baseline,32,42351,,3.291739999440324,27.855740865071613,440.8261184692383
house,"(768, 512)",Octree-Baseline,32,42351,,3.8696309993611067,27.855740865071613,440.8261184692383
house,"(768, 512)",Octree-Baseline,32,42351,,3.5901279998142854,27.855740865071613,440.8261184692383
house,"(768, 512)",Octree-Baseline,32,42351,,3.25843700011319,27.855740865071613,440.8261184692383
house,"(768, 512)",Octree-Baseline,32,42351,,3.825339000286476,27.855740865071613,440.8261184692383
house,"(768, 512)",Octree-Baseline,64,42351,64.0,4.790895000041928,18.745086669921875,207.88104756673178
house,"(768, 512)",Octree-Baseline,64,42351,,4.276222000044072,18.745086669921875,207.88104756673178
house,"(768, 512)",Octree-Baseline,64,42351,,4.811312999663642,18.745086669921875,207.88104756673178
house,"(768, 512)",Octree-Baseline,64,42351,,4.314573999181448,18.745086669921875,207.88104756673178
house,"(768, 512)",Octree-Baseline,64,42351,,5.102558000544377,18.745086669921875,207.88104756673178
house,"(768, 512)",Octree-Baseline,64,42351,,4.628791999493842,18.745086669921875,207.88104756673178
house,"(768, 512)",Octree-Baseline,64,42351,,4.327478000050178,18.745086669921875,207.88104756673178
house,"(768, 512)",Octree-Baseline,64,42351,,5.204559000048903,18.745086669921875,207.88104756673178
house,"(768, 512)",Octree-Baseline,64,42351,,5.22812300005171,18.745086669921875,207.88104756673178
house,"(768, 512)",Octree-Baseline,64,42351,,4.2472180002732784,18.745086669921875,207.88104756673178
house,"(768, 512)",Octree-Baseline,128,42351,126.0,4.746792000332789,15.835777282714844,137.27826690673828
house,"(768, 512)",Octree-Baseline,128,42351,,3.874779999932798,15.835777282714844,137.27826690673828
house,"(768, 512)",Octree-Baseline,128,42351,,4.116232000342279,15.835777282714844,137.27826690673828
house,"(768, 512)",Octree-Baseline,128,42351,,5.376140000407759,15.835777282714844,137.27826690673828
house,"(768, 512)",Octree-Baseline,128,42351,,4.353125999841723,15.835777282714844,137.27826690673828
house,"(768, 512)",Octree-Baseline,128,42351,,4.099441000107618,15.835777282714844,137.27826690673828
house,"(768, 512)",Octree-Baseline,128,42351,,4.836109000279976,15.835777282714844,137.27826690673828
house,"(768, 512)",Octree-Baseline,128,42351,,4.6382689997699345,15.835777282714844,137.27826690673828
house,"(768, 512)",Octree-Baseline,128,42351,,3.8711639999746694,15.835777282714844,137.27826690673828
house,"(768, 512)",Octree-Baseline,128,42351,,4.832352000448736,15.835777282714844,137.27826690673828
house,"(768, 512)",Octree-Baseline,256,42351,256.0,5.785135000223818,13.538772583007812,103.52675374348958
house,"(768, 512)",Octree-Baseline,256,42351,,5.756290999670455,13.538772583007812,103.52675374348958
house,"(768, 512)",Octree-Baseline,256,42351,,5.989608000163571,13.538772583007812,103.52675374348958
house,"(768, 512)",Octree-Baseline,256,42351,,5.379466000704269,13.538772583007812,103.52675374348958
house,"(768, 512)",Octree-Baseline,256,42351,,6.025054000019736,13.538772583007812,103.52675374348958
house,"(768, 512)",Octree-Baseline,256,42351,,5.607203000181471,13.538772583007812,103.52675374348958
house,"(768, 512)",Octree-Baseline,256,42351,,6.632460999753675,13.538772583007812,103.52675374348958
house,"(768, 512)",Octree-Baseline,256,42351,,5.910069000492513,13.538772583007812,103.52675374348958
house,"(768, 512)",Octree-Baseline,256,42351,,6.238313999347156,13.538772583007812,103.52675374348958
house,"(768, 512)",Octree-Baseline,256,42351,,5.195851999815204,13.538772583007812,103.52675374348958
mandrill,"(512, 512)",Octree-Baseline,8,230427,8.0,1.564917999530735,63.171077728271484,2012.108814239502
mandrill,"(512, 512)",Octree-Baseline,8,230427,,2.0165340001767618,63.171077728271484,2012.108814239502
mandrill,"(512, 512)",Octree-Baseline,8,230427,,1.580326999828685,63.171077728271484,2012.108814239502
mandrill,"(512, 512)",Octree-Baseline,8,230427,,1.6652559997965,63.171077728271484,2012.108814239502
mandrill,"(512, 512)",Octree-Baseline,8,230427,,1.6480539998156019,63.171077728271484,2012.108814239502
mandrill,"(512, 512)",Octree-Baseline,8,230427,,1.6526929994142847,63.171077728271484,2012.108814239502
mandrill,"(512, 512)",Octree-Baseline,8,230427,,1.6352899992853054,63.171077728271484,2012.108814239502
mandrill,"(512, 512)",Octree-Baseline,8,230427,,1.6125980000651907,63.171077728271484,2012.108814239502
mandrill,"(512, 512)",Octree-Baseline,8,230427,,1.8562839995865943,63.171077728271484,2012.108814239502
mandrill,"(512, 512)",Octree-Baseline,8,230427,,1.6148920003615785,63.171077728271484,2012.108814239502
mandrill,"(512, 512)",Octree-Baseline,16,230427,15.0,1.987048000046343,60.45261001586914,1880.155445098877
mandrill,"(512, 512)",Octree-Baseline,16,230427,,2.105180000398832,60.45261001586914,1880.155445098877
mandrill,"(512, 512)",Octree-Baseline,16,230427,,2.1288130001266836,60.45261001586914,1880.155445098877
mandrill,"(512, 512)",Octree-Baseline,16,230427,,2.042621999862604,60.45261001586914,1880.155445098877
mandrill,"(512, 512)",Octree-Baseline,16,230427,,2.114275999701931,60.45261001586914,1880.155445098877
mandrill,"(512, 512)",Octree-Baseline,16,230427,,1.9843130003209808,60.45261001586914,1880.155445098877
mandrill,"(512, 512)",Octree-Baseline,16,230427,,1.9894130000466248,60.45261001586914,1880.155445098877
mandrill,"(512, 512)",Octree-Baseline,16,230427,,1.9925480000893003,60.45261001586914,1880.155445098877
mandrill,"(512, 512)",Octree-Baseline,16,230427,,2.052230000117561,60.45261001586914,1880.155445098877
mandrill,"(512, 512)",Octree-Baseline,16,230427,,2.1169609999560635,60.45261001586914,1880.155445098877
mandrill,"(512, 512)",Octree-Baseline,32,230427,32.0,2.5177810002787737,45.64671325683594,1136.926628112793
mandrill,"(512, 512)",Octree-Baseline,32,230427,,2.4708040000405163,45.64671325683594,1136.926628112793
mandrill,"(512, 512)",Octree-Baseline,32,230427,,2.5137940001513925,45.64671325683594,1136.926628112793
mandrill,"(512, 512)",Octree-Baseline,32,230427,,2.4254179998024483,45.64671325683594,1136.926628112793
mandrill,"(512, 512)",Octree-Baseline,32,230427,,2.5029839998751413,45.64671325683594,1136.926628112793
mandrill,"(512, 512)",Octree-Baseline,32,230427,,2.4365789995499654,45.64671325683594,1136.926628112793
mandrill,"(512, 512)",Octree-Baseline,32,230427,,2.5247040002795984,45.64671325683594,1136.926628112793
mandrill,"(512, 512)",Octree-Baseline,32,230427,,2.471113999490626,45.64671325683594,1136.926628112793
mandrill,"(512, 512)",Octree-Baseline,32,230427,,2.4541620005038567,45.64671325683594,1136.926628112793
mandrill,"(512, 512)",Octree-Baseline,32,230427,,2.496400999916659,45.64671325683594,1136.926628112793
mandrill,"(512, 512)",Octree-Baseline,64,230427,64.0,2.6557490000413964,32.54280090332031,559.0808563232422
mandrill,"(512, 512)",Octree-Baseline,64,230427,,2.702817999306717,32.54280090332031,559.0808563232422
mandrill,"(512, 512)",Octree-Baseline,64,230427,,2.6610300001266296,32.54280090332031,559.0808563232422
mandrill,"(512, 512)",Octree-Baseline,64,230427,,2.6380369999969844,32.54280090332031,559.0808563232422
mandrill,"(512, 512)",Octree-Baseline,64,230427,,2.75415400028578,32.54280090332031,559.0808563232422
mandrill,"(512, 512)",Octree-Baseline,64,230427,,2.6319049993617227,32.54280090332031,559.0808563232422
mandrill,"(512, 512)",Octree-Baseline,64,230427,,2.6486759998078924,32.54280090332031,559.0808563232422
mandrill,"(512, 512)",Octree-Baseline,64,230427,,2.6490570007808856,32.54280090332031,559.0808563232422
mandrill,"(512, 512)",Octree-Baseline,64,230427,,2.7147499995407998,32.54280090332031,559.0808563232422
mandrill,"(512, 512)",Octree-Baseline,64,230427,,2.657944000020507,32.54280090332031,559.0808563232422
mandrill,"(512, 512)",Octree-Baseline,128,230427,128.0,3.0020780004633707,25.81195831298828,358.82215118408203
mandrill,"(512, 512)",Octree-Baseline,128,230427,,3.009040000506502,25.81195831298828,358.82215118408203
mandrill,"(512, 512)",Octree-Baseline,128,230427,,3.2983110004352056,25.81195831298828,358.82215118408203
mandrill,"(512, 512)",Octree-Baseline,128,230427,,3.512261999276234,25.81195831298828,358.82215118408203
mandrill,"(512, 512)",Octree-Baseline,128,230427,,3.301057000498986,25.81195831298828,358.82215118408203
mandrill,"(512, 512)",Octree-Baseline,128,230427,,3.0206020001060097,25.81195831298828,358.82215118408203
mandrill,"(512, 512)",Octree-Baseline,128,230427,,2.967643999909342,25.81195831298828,358.82215118408203
mandrill,"(512, 512)",Octree-Baseline,128,230427,,3.0069859994910075,25.81195831298828,358.82215118408203
mandrill,"(512, 512)",Octree-Baseline,128,230427,,2.955940999527229,25.81195831298828,358.82215118408203
mandrill,"(512, 512)",Octree-Baseline,128,230427,,3.005914999448578,25.81195831298828,358.82215118408203
mandrill,"(512, 512)",Octree-Baseline,256,230427,256.0,3.006576000188943,20.074466705322266,195.98618698120117
mandrill,"(512, 512)",Octree-Baseline,256,230427,,3.350961000251118,20.074466705322266,195.98618698120117
mandrill,"(512, 512)",Octree-Baseline,256,230427,,3.0382349996216362,20.074466705322266,195.98618698120117
mandrill,"(512, 512)",Octree-Baseline,256,230427,,3.04202300048928,20.074466705322266,195.98618698120117
mandrill,"(512, 512)",Octree-Baseline,256,230427,,3.136338999865984,20.074466705322266,195.98618698120117
mandrill,"(512, 512)",Octree-Baseline,256,230427,,3.0128480002531433,20.074466705322266,195.98618698120117
mandrill,"(512, 512)",Octree-Baseline,256,230427,,3.056489000300644,20.074466705322266,195.98618698120117
mandrill,"(512, 512)",Octree-Baseline,256,230427,,2.953676999823074,20.074466705322266,195.98618698120117
mandrill,"(512, 512)",Octree-Baseline,256,230427,,3.308631000436435,20.074466705322266,195.98618698120117
mandrill,"(512, 512)",Octree-Baseline,256,230427,,3.16982200001803,20.074466705322266,195.98618698120117
night,"(1920, 1080)",Octree-Baseline,8,27186,7.0,15.455660999577958,70.52273148148149,2672.2117621527777
night,"(1920, 1080)",Octree-Baseline,8,27186,,13.09539500016399,70.52273148148149,2672.2117621527777
night,"(1920, 1080)",Octree-Baseline,8,27186,,12.99169100002473,70.52273148148149,2672.2117621527777
night,"(1920, 1080)",Octree-Baseline,8,27186,,12.849765000282787,70.52273148148149,2672.2117621527777
night,"(1920, 1080)",Octree-Baseline,8,27186,,12.671161000071152,70.52273148148149,2672.2117621527777
night,"(1920, 1080)",Octree-Baseline,8,27186,,12.118366999857244,70.52273148148149,2672.2117621527777
night,"(1920, 1080)",Octree-Baseline,8,27186,,12.69026699992537,70.52273148148149,2672.2117621527777
night,"(1920, 1080)",Octree-Baseline,8,27186,,12.3493889996098,70.52273148148149,2672.2117621527777
night,"(1920, 1080)",Octree-Baseline,8,27186,,13.210851000621915,70.52273148148149,2672.2117621527777
night,"(1920, 1080)",Octree-Baseline,8,27186,,13.240035999842803,70.52273148148149,2672.2117621527777
night,"(1920, 1080)",Octree-Baseline,16,27186,14.0,15.95425499999692,28.954877989969138,469.35296730324075
night,"(1920, 1080)",Octree-Baseline,16,27186,,15.94150099936087,28.954877989969138,469.35296730324075
night,"(1920, 1080)",Octree-Baseline,16,27186,,15.654292999897734,28.954877989969138,469.35296730324075
night,"(1920, 1080)",Octree-Baseline,16,27186,,15.490165999835881,28.954877989969138,469.35296730324075
night,"(1920, 1080)",Octree-Baseline,16,27186,,15.660325000681041,28.954877989969138,469.35296730324075
night,"(1920, 1080)",Octree-Baseline,16,27186,,15.880146000199602,28.954877989969138,469.35296730324075
night,"(1920, 1080)",Octree-Baseline,16,27186,,17.08843699998397,28.954877989969138,469.35296730324075
night,"(1920, 1080)",Octree-Baseline,16,27186,,15.816717000234348,28.954877989969138,469.35296730324075
night,"(1920, 1080)",Octree-Baseline,16,27186,,15.419102999658207,28.954877989969138,469.35296730324075
night,"(1920, 1080)",Octree-Baseline,16,27186,,16.21726600023976,28.954877989969138,469.35296730324075
night,"(1920, 1080)",Octree-Baseline,32,27186,32.0,19.537380000656412,11.735080054012347,75.82940104166667
night,"(1920, 1080)",Octree-Baseline,32,27186,,20.914316000016697,11.735080054012347,75.82940104166667
night,"(1920, 1080)",Octree-Baseline,32,27186,,20.0685429999794,11.735080054012347,75.82940104166667
night,"(1920, 1080)",Octree-Baseline,32,27186,,19.55998199991882,11.735080054012347,75.82940104166667
night,"(1920, 1080)",Octree-Baseline,32,27186,,19.644059000711422,11.735080054012347,75.82940104166667
night,"(1920, 1080)",Octree-Baseline,32,27186,,20.187586000247393,11.735080054012347,75.82940104166667
night,"(1920, 1080)",Octree-Baseline,32,27186,,19.411163000768283,11.735080054012347,75.82940104166667
night,"(1920, 1080)",Octree-Baseline,32,27186,,20.194949999677192,11.735080054012347,75.82940104166667
night,"(1920, 1080)",Octree-Baseline,32,27186,,20.392088999869884,11.735080054012347,75.82940104166667
night,"(1920, 1080)",Octree-Baseline,32,27186,,19.494940000186034,11.735080054012347,75.82940104166667
night,"(1920, 1080)",Octree-Baseline,64,27186,62.0,24.750794999818027,6.458835358796296,23.984301215277778
night,"(1920, 1080)",Octree-Baseline,64,27186,,22.974051000346662,6.458835358796296,23.984301215277778
night,"(1920, 1080)",Octree-Baseline,64,27186,,24.755823999839777,6.458835358796296,23.984301215277778
night,"(1920, 1080)",Octree-Baseline,64,27186,,23.170687999481743,6.458835358796296,23.984301215277778
night,"(1920, 1080)",Octree-Baseline,64,27186,,22.7564530005111,6.458835358796296,23.984301215277778
night,"(1920, 1080)",Octree-Baseline,64,27186,,22.925479000150517,6.458835358796296,23.984301215277778
night,"(1920, 1080)",Octree-Baseline,64,27186,,23.585664000165707,6.458835358796296,23.984301215277778
night,"(1920, 1080)",Octree-Baseline,64,27186,,26.558317000308307,6.458835358796296,23.984301215277778
night,"(1920, 1080)",Octree-Baseline,64,27186,,32.02798199981771,6.458835358796296,23.984301215277778
night,"(1920, 1080)",Octree-Baseline,64,27186,,22.743448999790417,6.458835358796296,23.984301215277778
night,"(1920, 1080)",Octree-Baseline,128,27186,123.0,26.87247500034573,4.845148533950617,15.141871141975308
night,"(1920, 1080)",Octree-Baseline,128,27186,,26.84796900030051,4.845148533950617,15.141871141975308
night,"(1920, 1080)",Octree-Baseline,128,27186,,26.84200800013059,4.845148533950617,15.141871141975308
night,"(1920, 1080)",Octree-Baseline,128,27186,,27.5617549996241,4.845148533950617,15.141871141975308
night,"(1920, 1080)",Octree-Baseline,128,27186,,26.41078099986771,4.845148533950617,15.141871141975308
night,"(1920, 1080)",Octree-Baseline,128,27186,,26.563718000033987,4.845148533950617,15.141871141975308
night,"(1920, 1080)",Octree-Baseline,128,27186,,28.05947599972569,4.845148533950617,15.141871141975308
night,"(1920, 1080)",Octree-Baseline,128,27186,,28.813126999921224,4.845148533950617,15.141871141975308
night,"(1920, 1080)",Octree-Baseline,128,27186,,26.404318999993848,4.845148533950617,15.141871141975308
night,"(1920, 1080)",Octree-Baseline,128,27186,,27.432964000581705,4.845148533950617,15.141871141975308
night,"(1920, 1080)",Octree-Baseline,256,27186,256.0,29.326717999538232,3.5704523533950616,7.726064814814815
night,"(1920, 1080)",Octree-Baseline,256,27186,,28.937539999787987,3.5704523533950616,7.726064814814815
night,"(1920, 1080)",Octree-Baseline,256,27186,,29.440760999932536,3.5704523533950616,7.726064814814815
night,"(1920, 1080)",Octree-Baseline,256,27186,,28.825509999478527,3.5704523533950616,7.726064814814815
night,"(1920, 1080)",Octree-Baseline,256,27186,,29.28412799974467,3.5704523533950616,7.726064814814815
night,"(1920, 1080)",Octree-Baseline,256,27186,,28.576022000379453,3.5704523533950616,7.726064814814815
night,"(1920, 1080)",Octree-Baseline,256,27186,,29.52390700011165,3.5704523533950616,7.726064814814815
night,"(1920, 1080)",Octree-Baseline,256,27186,,40.97848099991097,3.5704523533950616,7.726064814814815
night,"(1920, 1080)",Octree-Baseline,256,27186,,28.748234999511624,3.5704523533950616,7.726064814814815
night,"(1920, 1080)",Octree-Baseline,256,27186,,30.704486000104225,3.5704523533950616,7.726064814814815
